"Grant Award No.",Organization Name,Continuum of Care (CoC) Served,VISN,"Grant Award Amount","FY Funding Obligation"
12-AK-001,Catholic Social Services,(AK-500) Anchorage CoC,VISN 20: NorthwestNetwork,603820,2022
12-AL-002,"Housing First, Inc.",(AL-501) Mobile City & County/BaldwinCounty CoC,VISN 16: SouthCentral VA HealthCare Network,1269152,2022
12-CA-013,Goodwill of Silicon Valley(dba Goodwill Industries ofSanta Clara County),(CA-500) San Jose/Santa Clara City &County CoC,VISN 21: SierraPacific Network,476447,2022
12-CA-016,"Shelter, Inc.",(CA-505) Richmond/Contra Costa CountyCoC,VISN 21: SierraPacific Network,813210,2022
12-CA-018,"Volunteers of America ofGreater Sacramento andNorthern Nevada, Inc.","(CA-503) Sacramento City & CountyCoC;(CA-515) Roseville, Rocklin/Placer,Nevada Counties;(CA-521) Davis,Woodland/Yolo County CoC;(CA-524)Yuba City & County/Sutter CountyCoC;(CA-525) El Dorado County CoC",VISN 21: SierraPacific Network,1325503,2022
12-CT-021,"Community Renewal Team,Inc.",(CT-505) Connecticut Balance of StateCoC,VISN 1: VA NewEngland HealthcareSystem,595605,2022
12-FL-024,"Advocate Program, Inc.",(FL-600) Miami-Dade County CoC;(FL-604) Monroe County CoC,VISN 8: VASunshineHealthcare Network,1887810,2022
12-FL-028,Jewish Family & ChildrensService Of The SuncoastInc,"(FL-500) Sarasota, Bradenton/Manatee,Sarasota Counties CoC;(FL-517) Hendry,Hardee, Highlands Counties CoC;(FL-602) Punta Gorda/Charlotte CountyCoC;(FL-603) Ft Myers, Cape Coral/LeeCounty CoC;(FL-606) Naples/CollierCounty CoC",VISN 8: VASunshineHealthcare Network,1865571,2022
12-GA-029,"Central Savannah RiverArea Economic OpportunityAuthority, Inc. (CSRA EOA)",(GA-501) Georgia Balance of StateCoC;(GA-504) Augusta-RichmondCounty CoC,VISN 7: VASoutheast Network,994681,2022
12-ID-032,"El-Ada, Inc.",(ID-500) Boise/Ada County CoC;(ID-501)Idaho Balance of State CoC,VISN 20: NorthwestNetwork,345983,2022
12-IL-033,Thresholds,(IL-510) Chicago CoC;(IL-511) CookCounty CoC,VISN 12: VA GreatLakes Health CareSystem,1095904,2022
12-LA-038,"Volunteers of AmericaSoutheast Louisiana, Inc.","(AR-503) Arkansas Balance of StateCoC;(LA-500) Lafayette/AcadianaRegional CoC;(LA-502) Shreveport,Bossier/Northwest Louisiana CoC;(LA-503) New Orleans/Jefferson ParishCoC;(LA-505) Monroe/NortheastLouisiana CoC;(LA-506) Slidell/SoutheastLouisiana CoC;(LA-507)Alexandria/Central Louisiana CoC;(LA-509) Louisiana Balance of State CoC",VISN 16: SouthCentral VA HealthCare Network,2442011,2022
12-LA-039,"Wellspring Alliance forFamilies, Inc.",(LA-505) Monroe/Northeast LouisianaCoC,VISN 16: SouthCentral VA HealthCare Network,767979,2022
12-MA-040,"Volunteers of America ofMassachusetts, Inc.","(MA-500) Boston CoC;(MA-509)Cambridge CoC;(MA-511) Quincy,Brockton, Weymouth, Plymouth City andCounty CoC;(MA-516) MassachusettsBalance of State CoC;(MA-517)Somerville CoC",VISN 1: VA NewEngland HealthcareSystem,1409930,2022
12-MD-042,"Alliance, Inc.","(MD-500) Cumberland/Allegany CountyCoC;(MD-501) Baltimore CoC;(MD-502)Harford County CoC;(MD-503)Annapolis/Anne Arundel CountyCoC;(MD-504) Howard County CoC;(MD-505) Baltimore County CoC;(MD-506)Carroll County CoC;(MD-507) CecilCounty CoC;(MD-509) Frederick City &County CoC;(MD-510) Garrett CountyCoC;(MD-511) Mid-Shore RegionalCoC;(MD-512) Hagerstown/WashingtonCounty CoC;(MD-513) Wicomico,Somerset, Worcester Counties CoC",VISN 5: VA CapitolHealth CareNetwork,2250366,2022
12-ME-043,Preble Street,(ME-500) Maine Statewide CoC,VISN 1: VA NewEngland HealthcareSystem,2338899,2022
12-MI-044,Wayne MetropolitanCommunity Action Agency,"(MI-502) Dearborn, Dearborn Heights,Westland/Wayne County CoC;(MI-509)Washtenaw County CoC;(MI-515)Monroe City & County CoC",VISN 10: VAHealthcare System,685306,2022
12-MI-045,Southwest CounselingSolutions,"(MI-501) Detroit CoC;(MI-502) Dearborn,Dearborn Heights, Westland/WayneCounty CoC",VISN 10: VAHealthcare System,1392975,2022
12-NC-049,"United Way of ForsythCounty, Inc.","(NC-500) Winston-Salem/Forsyth CountyCoC;(NC-503) North Carolina Balance ofState CoC;(NC-504) Greensboro, HighPoint CoC",VISN 6: VA Mid-Atlantic HealthCare Network,824497,2022
12-NC-050,"Passage Home, Inc.",(NC-507) Raleigh/Wake County CoC,VISN 6: VA Mid-Atlantic HealthCare Network,331735,2022
12-ND-051,Community ActionPartnership of North Dakota,(ND-500) North Dakota Statewide CoC,VISN 23: VAMidwest HealthCare Network,1015449,2022
12-NJ-053,"Catholic Charities Diocesesof Camden, Inc.","(NJ-500) Atlantic City & County CoC;(NJ-503) Camden City & County/Gloucester,Cape May, Cumberland CountiesCoC;(NJ-512) Salem County CoC",VISN 4: VAHealthcare - VISN4,1448093,2022
12-NM-055,Goodwill Industries of NewMexico,(NM-500) Albuquerque CoC;(NM-501)New Mexico Balance of State CoC,VISN 22: DesertPacific HealthcareNetwork,1245795,2022
12-NY-060,HELP Social ServiceCorporation,(NY-600) New York City CoC,VISN 2: NewYork/New JerseyVA Health CareNetwork,1486801,2022
12-NY-063,"Westchester CommunityOpportunity Program, Inc.(WestCOP)","(NY-601) Poughkeepsie/DutchessCounty CoC;(NY-602) Newburgh,Middletown/Orange County CoC;(NY-604) Yonkers, MountVernon/Westchester County CoC;(NY-606) Rockland County CoC;(NY-607)Sullivan County CoC;(NY-608)Kingston/Ulster County CoC",VISN 2: NewYork/New JerseyVA Health CareNetwork,2156561,2022
12-OH-064,"Mental Health Services forHomeless Persons, Inc.d.b.a FrontLine Service",(OH-501) Toledo/Lucas CountyCoC;(OH-502) Cleveland/CuyahogaCounty CoC;(OH-507) Ohio Balance ofState CoC,VISN 10: VAHealthcare System,1996613,2022
12-TX-071,"Families in Crisis, Inc.",(TX-607) Texas Balance of State CoC,VISN 17: VA Heartof Texas HealthCare Network,743109,2022
12-VA-077,Virginia Supportive Housing,"(VA-500) Richmond/Henrico,Chesterfield, Hanover Counties CoC;(VA-504) Charlottesville CoC;(VA-521)Virginia Balance of State CoC",VISN 6: VA Mid-Atlantic HealthCare Network,1375239,2022
12-ZZ-031,"Humility Homes andServices, Inc.","(IA-501) Iowa Balance of State CoC;(IL-518) Rock Island, Moline/NorthwesternIllinois CoC",VISN 12: VA GreatLakes Health CareSystem;VISN 23:VA Midwest HealthCare Network,311892,2022
12-ZZ-041,Veterans Inc.,"(CT-505) Connecticut Balance of StateCoC;(MA-504) Springfield/HampdenCounty CoC;(MA-505) New BedfordCoC;(MA-506) Worcester City & CountyCoC;(MA-507) Pittsfield/Berkshire,Franklin, Hampshire Counties CoC;(MA-511) Quincy, Brockton, Weymouth,Plymouth City and County CoC;(MA-515)Fall River CoC;(MA-516) MassachusettsBalance of State CoC;(MA-519)Attleboro, Taunton/Bristol CountyCoC;(ME-500) Maine StatewideCoC;(NH-500) New Hampshire Balanceof State CoC;(NH-501) ManchesterCoC;(RI-500) Rhode Island StatewideCoC;(VT-500) Vermont Balance of StateCoC;(VT-501) Burlington/ChittendenCounty CoC",VISN 1: VA NewEngland HealthcareSystem,2250366,2022
13-CA-090,"California VeteransAssistance Foundation, Inc.",(CA-604) Bakersfield/Kern County CoC,VISN 22: DesertPacific HealthcareNetwork,755378,2022
13-CT-093,"The Workplace, Inc.","(CT-503) Bridgeport, Stamford,Norwalk/Fairfield County CoC;(CT-505)Connecticut Balance of State CoC",VISN 1: VA NewEngland HealthcareSystem,1307328,2022
13-FL-096,"Faith, Hope, Love, Charity,Inc.",(FL-605) West Palm Beach/Palm BeachCounty CoC,VISN 8: VASunshineHealthcare Network,1094129,2022
13-IA-103,"Primary Health Care, Inc.",(IA-501) Iowa Balance of State CoC;(IA-502) Des Moines/Polk County CoC,VISN 23: VAMidwest HealthCare Network,523587,2022
13-IL-104,The Salvation Army,"(IL-503) Champaign, Urbana,Rantoul/Champaign County CoC;(IL-507)Peoria, Pekin/Fulton, Tazewell, Peoria,Woodford Counties CoC;(IL-512)Bloomington/Central Illinois CoC;(IL-513)Springfield/Sangamon County CoC;(IL-515) South Central Illinois CoC;(IL-516)Decatur/Macon County CoC;(IL-518)Rock Island, Moline/Northwestern IllinoisCoC;(IL-519) West Central Illinois CoC",VISN 23: VAMidwest HealthCare Network,1999864,2022
13-IL-105,"Heartland Human CareServices, Inc.",(IL-510) Chicago CoC;(IL-511) CookCounty CoC,VISN 12: VA GreatLakes Health CareSystem,1461758,2022
13-IN-106,"Community Action ofNortheast Indiana, Inc. (dbaBrightpoint)",(IN-502) Indiana Balance of State CoC,VISN 10: VAHealthcare System,434230,2022
13-MD-107,"Three Oaks HomelessShelter, Inc.","(MD-508) Charles, Calvert, St. Mary'sCounties CoC",VISN 5: VA CapitolHealth CareNetwork,265337,2022
13-MI-108,"Northwest MichiganCommunity Action Agency,Inc.","(MI-500) Michigan Balance of StateCoC;(MI-512) Grand Traverse, Antrim,Leelanau Counties CoC",VISN 10: VAHealthcare System,727666,2022
13-MO-110,"Catholic Charities ofKansas City - St Joseph,Inc.","(MO-603) St. Joseph/Andrew, Buchanan,DeKalb Counties CoC;(MO-604) KansasCity (MO&KS), Independence, Lee’sSummit/Jackson, Wyandotte CountiesCoC;(MO-606) Missouri Balance of StateCoC",VISN 15: VAHeartland Network,764989,2022
13-NH-115,"Harbor Homes, Inc.",(NH-500) New Hampshire Balance ofState CoC;(NH-501) ManchesterCoC;(NH-502) Nashua/HillsboroughCounty CoC,VISN 1: VA NewEngland HealthcareSystem,1131088,2022
13-NV-117,"Vietnam Veterans ofCalifornia, Inc.","(NV-501) Reno, Sparks/Washoe CountyCoC;(NV-502) Nevada Balance of StateCoC",VISN 21: SierraPacific Network,2184064,2022
13-NY-119,Catholic Charities of theRoman Catholic Diocese ofSyracuse NY,"(NY-505) Syracuse, Auburn/Onondaga,Oswego, Cayuga Counties CoC",VISN 2: NewYork/New JerseyVA Health CareNetwork,676089,2022
13-NY-121,"Soldier On of Delaware, Inc.","(NY-500) Rochester, Irondequoit,Greece/Monroe County CoC;(NY-501)Elmira/Steuben, Allegany, Livingston,Chemung, Schuyler Counties CoC;(NY-504) Cattaraugus County CoC;(NY-505)Syracuse, Auburn/Onondaga, Oswego,Cayuga Counties CoC;(NY-508) Buffalo,Niagara Falls/Erie, Niagara, Orleans,Genesee, Wyoming Counties CoC;(NY-510) Ithaca/Tompkins County CoC;(NY-513) Wayne, Ontario, Seneca, YatesCounties CoC;(NY-514) Jamestown,Dunkirk/Chautauqua County CoC;(NY-522) Jefferson, Lewis, St. LawrenceCounties CoC",VISN 2: NewYork/New JerseyVA Health CareNetwork,2250366,2022
13-OH-124,"Maumee Valley GuidanceCenter, Inc.",(OH-507) Ohio Balance of State CoC,VISN 10: VAHealthcare System,292858,2022
13-OR-125,"Community Action Team,Inc.","(OR-505) Oregon Balance of StateCoC;(OR-506) Hillsboro,Beaverton/Washington County CoC",VISN 20: NorthwestNetwork,607388,2022
13-OR-126,"Central Oregon Veteran &Community Outreach, Inc",(OR-503) Central Oregon CoC,VISN 20: NorthwestNetwork,348696,2022
13-PA-129,"Veterans LeadershipProgram of WesternPennsylvania, Inc.","(PA-509) Eastern PennsylvaniaCoC;(PA-600) Pittsburgh, McKeesport,Penn Hills/Allegheny County CoC;(PA-601) Western Pennsylvania CoC;(PA-603) Beaver County CoC;(PA-605) ErieCity & County CoC",VISN 4: VAHealthcare - VISN4,2057749,2022
13-TN-139,"West Tennessee LegalServices, Inc.",(TN-507) Jackson/West Tennessee CoC,VISN 9: VAMidSouthHealthcare Network,276945,2022
13-WA-148,YWCA of Seattle - KingCounty - Snohomish County,(WA-500) Seattle/King County CoC,VISN 20: NorthwestNetwork,870930,2022
13-WI-151,"Community Action Coalitionfor South CentralWisconsin, Inc.",(WI-500) Wisconsin Balance of StateCoC;(WI-503) Madison/Dane CountyCoC,VISN 23: VAMidwest HealthCare Network,333650,2022
13-ZZ-133,Operation Stand DownRhode Island,(MA-505) New Bedford CoC;(RI-500)Rhode Island Statewide CoC,VISN 1: VA NewEngland HealthcareSystem,1155721,2022
13-ZZ-134,Alston Wilkes Society,"(SC-500) Charleston/Low CountryCoC;(SC-501) Greenville, Anderson,Spartanburg/Upstate CoC;(SC-502)Columbia/Midlands CoC",VISN 7: VASoutheast Network,1629566,2022
13-ZZ-145,University of Vermont andState Agricultural College,(NY-516) Clinton County CoC;(VT-500)Vermont Balance of State CoC;(VT-501)Burlington/Chittenden County CoC,VISN 1: VA NewEngland HealthcareSystem;VISN 2:New York/NewJersey VA HealthCare Network,1599204,2022
14-AZ-157,National Community HealthPartners,"(AZ-500) Arizona Balance of StateCoC;(AZ-502) Phoenix, Mesa/MaricopaCounty CoC;(CA-613) Imperial CountyCoC",VISN 22: DesertPacific HealthcareNetwork,1279256,2022
14-AZ-160,"Catholic CharitiesCommunity Services, Inc.",(AZ-500) Arizona Balance of State CoC,VISN 22: DesertPacific HealthcareNetwork,1115100,2022
14-CA-163,NBCC (DBA NewBeginnings),(CA-603) Santa Maria/Santa BarbaraCounty CoC,VISN 22: DesertPacific HealthcareNetwork,407715,2022
14-CA-167,East Oakland CommunityProject,"(CA-502) Oakland, Berkeley/AlamedaCounty CoC",VISN 21: SierraPacific Network,1133872,2022
14-CA-169,Housing Matters,(CA-508) Watsonville/Santa Cruz City &County CoC,VISN 22: DesertPacific HealthcareNetwork,523702,2022
14-CA-170,"Knowledge, Education forYour Success, Inc.",(CA-609) San Bernardino City & CountyCoC,VISN 22: DesertPacific HealthcareNetwork,696640,2022
14-CA-177,Catholic Charities of theDiocese of Stockton,"(CA-510) Turlock, Modesto/StanislausCounty CoC;(CA-511) Stockton/SanJoaquin County CoC;(CA-525) El DoradoCounty CoC",VISN 21: SierraPacific Network,554724,2022
14-CT-178,"Columbus House, Inc.",(CT-505) Connecticut Balance of StateCoC,VISN 1: VA NewEngland HealthcareSystem,1706893,2022
14-FL-179,"Big Bend HomelessCoalition, Inc.",(FL-506) Tallahassee/Leon County CoC,VISN 8: VASunshineHealthcare Network,1316176,2022
14-FL-181,"United Way of BrowardCounty, Inc.",(FL-601) Ft Lauderdale/Broward CountyCoC,VISN 8: VASunshineHealthcare Network,2228077,2022
14-FL-184,"Meridian BehavioralHealthcare, Inc.","(FL-508) Gainesville/Alachua, PutnamCounties CoC;(FL-518) Columbia,Hamilton, Lafayette, Suwannee CountiesCoC",VISN 8: VASunshineHealthcare Network,1151063,2022
14-FL-322,"Treasure Coast HomelessServices Council, Inc.","(FL-509) Fort Pierce/St. Lucie, IndianRiver, Martin Counties CoC",VISN 8: VASunshineHealthcare Network,259685,2022
14-IA-191,"Family Alliance ForVeterans of America, Inc.","(IA-500) Sioux City/Dakota, WoodburyCounties CoC;(IA-501) Iowa Balance ofState CoC",VISN 23: VAMidwest HealthCare Network,666662,2022
14-IL-194,Featherfist,(IL-510) Chicago CoC;(IL-511) CookCounty CoC,VISN 12: VA GreatLakes Health CareSystem,1672587,2022
14-IL-196,"Midwest Shelter forHomeless Veterans, Inc.","(IL-501) Rockford/Winnebago, BooneCounties CoC;(IL-506) Joliet,Bolingbrook/Will County CoC;(IL-514)Dupage County CoC;(IL-517) Aurora,Elgin/Kane County CoC;(IL-518) RockIsland, Moline/Northwestern Illinois CoC",VISN 12: VA GreatLakes Health CareSystem,503814,2022
14-IL-197,"Chestnut Health Systems,Inc.","(IL-504) Madison County CoC;(IL-508)East St. Louis, Belleville/St. Clair CountyCoC",VISN 15: VAHeartland Network,568293,2022
14-IL-198,Catholic Charities Of TheArchdiocese Of Chicago,"(IL-502) Waukegan, North Chicago/LakeCounty CoC;(IL-506) Joliet,Bolingbrook/Will County CoC;(IL-511)Cook County CoC;(IL-512)Bloomington/Central Illinois CoC;(IL-514)Dupage County CoC",VISN 12: VA GreatLakes Health CareSystem,903538,2022
14-IN-199,"Lafayette TransitionalHousing Center, Inc.",(IN-502) Indiana Balance of State CoC,VISN 10: VAHealthcare System,173086,2022
14-IN-200,"InteCare, Inc.",(IN-502) Indiana Balance of StateCoC;(IN-503) Indianapolis CoC,VISN 10: VAHealthcare System,1593586,2022
14-KS-322,"Catholic Charities, Inc.(Diocese of Wichita)",(KS-502) Wichita/Sedgwick CountyCoC;(KS-507) Kansas Balance of StateCoC,VISN 15: VAHeartland Network,254316,2022
14-LA-205,"Hope Center, Inc.",(LA-503) New Orleans/Jefferson ParishCoC;(LA-506) Slidell/Southeast LouisianaCoC,VISN 16: SouthCentral VA HealthCare Network,1833363,2022
14-MA-209,"Veterans NortheastOutreach Center, Inc.","(MA-502) Lynn CoC;(MA-503) Cape CodIslands CoC;(MA-508) Lowell CoC;(MA-509) Cambridge CoC;(MA-510)Gloucester, Haverhill, Salem/EssexCounty CoC;(MA-516) MassachusettsBalance of State CoC;(MA-517)Somerville CoC",VISN 1: VA NewEngland HealthcareSystem,2238795,2022
14-MD-214,"Project PLASE, Inc.",(MD-501) Baltimore CoC;(MD-505)Baltimore County CoC,VISN 5: VA CapitolHealth CareNetwork,1869557,2022
14-MD-215,"New Vision House of Hope,Inc.",(MD-501) Baltimore CoC,VISN 5: VA CapitolHealth CareNetwork,837761,2022
14-MD-216,"Diakonia, Inc.","(MD-513) Wicomico, Somerset,Worcester Counties CoC",VISN 5: VA CapitolHealth CareNetwork,282069,2022
14-MD-217,St. James A.M.E. ZionChurch-Zion House,"(MD-511) Mid-Shore Regional CoC;(MD-513) Wicomico, Somerset, WorcesterCounties CoC",VISN 5: VA CapitolHealth CareNetwork,399513,2022
14-MI-218,"Blue Water Center ForIndependent Living, Inc.","(MI-500) Michigan Balance of StateCoC;(MI-501) Detroit CoC;(MI-502)Dearborn, Dearborn Heights,Westland/Wayne County CoC;(MI-503)St. Clair Shores, Warren/Macomb CountyCoC;(MI-504) Pontiac, RoyalOak/Oakland County CoC",VISN 10: VAHealthcare System,657401,2022
14-MI-220,Community Action Agency,(MI-500) Michigan Balance of StateCoC;(MI-511) Lenawee County CoC;(MI-517) Jackson City & County CoC,VISN 10: VAHealthcare System,690685,2022
14-MI-223,Community Rebuilders,"(MI-506) Grand Rapids, Wyoming/KentCounty CoC",VISN 10: VAHealthcare System,423282,2022
14-MO-228,Kitchen Inc,"(MO-600) Springfield/Greene, Christian,Webster Counties CoC",VISN 15: VAHeartlandNetwork;VISN 16:South Central VAHealth CareNetwork,530969,2022
14-MS-231,Mississippi United To EndHomelessness,(MS-501) Mississippi Balance of StateCoC,VISN 16: SouthCentral VA HealthCare Network,161137,2022
14-MS-232,Hancock Resource Center,(MS-503) Gulf Port/Gulf Coast RegionalCoC,VISN 16: SouthCentral VA HealthCare Network,195546,2022
14-MS-234,Catholic Charities Inc,"(MS-500) Jackson/Rankin, MadisonCounties CoC;(MS-501) MississippiBalance of State CoC",VISN 9: VAMidSouthHealthcareNetwork;VISN 16:South Central VAHealth CareNetwork,373607,2022
14-NE-238,Northeast NebraskaCommunity ActionPartnership Inc,(NE-500) Nebraska Balance of StateCoC,VISN 23: VAMidwest HealthCare Network,205573,2022
14-NJ-242,Catholic Family &Community Services,"(NJ-501) Bergen County CoC;(NJ-504)Newark/Essex County CoC;(NJ-506)Jersey City, Bayonne/Hudson CountyCoC;(NJ-509) Morris County CoC;(NJ-511) Paterson/Passaic County CoC;(NJ-515) Elizabeth/Union County CoC;(NJ-516) Warren, Sussex, HunterdonCounties CoC",VISN 2: NewYork/New JerseyVA Health CareNetwork,1818260,2022
14-NM-246,New Mexico VeteransIntegration Centers,(NM-500) Albuquerque CoC;(NM-501)New Mexico Balance of State CoC,VISN 22: DesertPacific HealthcareNetwork,894327,2022
14-NM-247,Mesilla Valley Communityof Hope,(NM-501) New Mexico Balance of StateCoC,VISN 22: DesertPacific HealthcareNetwork,484605,2022
14-NY-249,"Utica Center forDevelopment, Inc.","(NY-511) Binghamton, UnionTown/Broome, Otsego, Chenango,Delaware, Cortland, Tioga CountiesCoC;(NY-518) Utica, Rome/Oneida,Madison Counties CoC;(NY-522)Jefferson, Lewis, St. Lawrence CountiesCoC",VISN 2: NewYork/New JerseyVA Health CareNetwork,495803,2022
14-NY-251,Veterans & CommunityHousing Coalition Inc,"(NY-507) Schenectady City & CountyCoC;(NY-523) Glens Falls, SaratogaSprings/Saratoga, Washington, Warren,Hamilton Counties CoC",VISN 2: NewYork/New JerseyVA Health CareNetwork,573845,2022
14-NY-254,Economic OpportunityCouncil Of Suffolk Inc,"(NY-603) Nassau, Suffolk Counties CoC",VISN 2: NewYork/New JerseyVA Health CareNetwork,1460173,2022
14-NY-256,"Albany Housing Coalition,Inc.",(NY-503) Albany City & County CoC;(NY-507) Schenectady City & CountyCoC;(NY-512) Troy/Rensselaer CountyCoC,VISN 2: NewYork/New JerseyVA Health CareNetwork,317910,2022
14-NY-259,"Volunteers of America-Greater New York, Inc.",(NY-600) New York City CoC,VISN 2: NewYork/New JerseyVA Health CareNetwork,1646487,2022
14-OH-261,Licking County Coalition ForHousing,(OH-507) Ohio Balance of State CoC,VISN 10: VAHealthcare System,347866,2022
14-OH-262,"Family & CommunityServices, Inc.","(OH-504) Youngstown/Mahoning CountyCoC;(OH-506) Akron, Barberton/SummitCounty CoC;(OH-507) Ohio Balance ofState CoC;(OH-508) Canton, Massillon,Alliance/Stark County CoC",VISN 4: VAHealthcare - VISN4;VISN 10: VAHealthcare System,911989,2022
14-OH-264,"Community Action Agencyof Columbiana County, Inc.",(OH-504) Youngstown/Mahoning CountyCoC;(OH-507) Ohio Balance of StateCoC,VISN 10: VAHealthcare System,152681,2022
14-OH-265,"Community Action ProgramCorporation of Washington-Morgan Counties, Ohio",(OH-507) Ohio Balance of State CoC,VISN 10: VAHealthcare System,607188,2022
14-OH-266,"Faith Mission, Inc.",(OH-503) Columbus/Franklin CountyCoC,VISN 10: VAHealthcare System,526866,2022
14-OH-267,"Community SupportServices, Inc.","(OH-506) Akron, Barberton/SummitCounty CoC",VISN 10: VAHealthcare System,313779,2022
14-OH-268,"The Salvation Army, Inc.",(OH-507) Ohio Balance of State CoC,VISN 10: VAHealthcare System,523413,2022
14-OK-270,"KI BOIS Community ActionFoundation, Inc.",(OK-505) Northeast Oklahoma CoC;(OK-507) Southeastern Oklahoma RegionalCoC,VISN 16: SouthCentral VA HealthCare Network;VISN17: VA Heart ofTexas Health CareNetwork,1526677,2022
14-OK-271,"Goodwill Industries ofCentral Oklahoma, Inc.",(OK-502) Oklahoma City CoC;(OK-503)Oklahoma Balance of State CoC;(OK-504) Norman/Cleveland CountyCoC;(OK-506) Southwest OklahomaRegional CoC,VISN 19: RockyMountain Network,1659123,2022
14-PA-273,YWCA of GreaterHarrisburg,(PA-501) Harrisburg/Dauphin CountyCoC;(PA-509) Eastern PennsylvaniaCoC;(PA-512) York City & County CoC,VISN 4: VAHealthcare - VISN4,237573,2022
14-PA-274,Utility Emergency ServicesFund,(PA-500) Philadelphia CoC,VISN 4: VAHealthcare - VISN4,1113998,2022
14-PA-276,"Community Action Agencyof Delaware County, Inc.","(PA-502) Upper Darby, Chester,Haverford/Delaware County CoC",VISN 4: VAHealthcare - VISN4,471794,2022
14-PA-277,"Lawrence County SocialServices, Inc.",(PA-601) Western PennsylvaniaCoC;(PA-603) Beaver County CoC,VISN 4: VAHealthcare - VISN4,966353,2022
14-PA-280,"Soldier On of Delaware, Inc.","(PA-600) Pittsburgh, McKeesport, PennHills/Allegheny County CoC;(PA-601)Western Pennsylvania CoC;(PA-603)Beaver County CoC;(PA-605) Erie City &County CoC",VISN 4: VAHealthcare - VISN4,2250366,2022
14-PA-281,Catholic Charities of theDiocese of Allentown,(PA-506) Reading/Berks CountyCoC;(PA-509) Eastern PennsylvaniaCoC,VISN 4: VAHealthcare - VISN4,317265,2022
14-PA-282,"Volunteers of America ofPennsylvania, Inc.",(PA-501) Harrisburg/Dauphin CountyCoC;(PA-509) Eastern PennsylvaniaCoC;(PA-510) Lancaster City & CountyCoC;(PA-512) York City & County CoC,VISN 4: VAHealthcare - VISN4,611860,2022
14-TN-284,Volunteer Behavioral HealthCare System,(GA-501) Georgia Balance of StateCoC;(TN-500) Chattanooga/SoutheastTennessee CoC;(TN-506) UpperCumberland CoC,VISN 7: VASoutheastNetwork;VISN 9:VA MidSouthHealthcare Network,971507,2022
14-TN-285,Operation Stand DownTennessee,(TN-503) Central Tennessee CoC;(TN-504) Nashville-Davidson CountyCoC;(TN-506) Upper CumberlandCoC;(TN-510) Murfreesboro/RutherfordCounty CoC,VISN 9: VAMidSouthHealthcare Network,845015,2022
14-TN-287,Catholic Charities Of TheDiocese Of Memphis Inc,(TN-501) Memphis/Shelby County CoC,VISN 9: VAMidSouthHealthcare Network,1034460,2022
14-TX-293,Sabine Valley RegionalMental Health MentalRetardation Center,(TX-607) Texas Balance of State CoC,VISN 16: SouthCentral VA HealthCare Network;VISN17: VA Heart ofTexas Health CareNetwork,266049,2022
14-VA-294,Total Action AgainstPoverty In Roanoke Valley,"(VA-502) Roanoke City & County, SalemCoC;(VA-508) Lynchburg CoC;(VA-521)Virginia Balance of State CoC",VISN 6: VA Mid-Atlantic HealthCare Network,409726,2022
14-VA-296,"Hampton RoadsCommunity Action Program,Inc.","(VA-505) Newport News,Hampton/Virginia Peninsula CoC",VISN 6: VA Mid-Atlantic HealthCare Network,218617,2022
14-VA-297,Virginia Beach CommunityDevelopment Corporation,"(VA-501) Norfolk/Chesapeake, Suffolk,Isle of Wight, Southampton CountiesCoC;(VA-503) Virginia Beach CoC;(VA-505) Newport News, Hampton/VirginiaPeninsula CoC;(VA-507) PortsmouthCoC",VISN 6: VA Mid-Atlantic HealthCare Network,908000,2022
14-VA-298,STOP Incorporated,"(VA-501) Norfolk/Chesapeake, Suffolk,Isle of Wight, Southampton CountiesCoC;(VA-503) Virginia Beach CoC;(VA-507) Portsmouth CoC;(VA-521) VirginiaBalance of State CoC",VISN 6: VA Mid-Atlantic HealthCare Network,483180,2022
14-VI-299,"The Methodist Training andOutreach Center, Inc.",(VI-500) Virgin Islands CoC,VISN 8: VASunshineHealthcare Network,316040,2022
14-WI-302,Indianhead CommunityAction Agency,(WI-500) Wisconsin Balance of StateCoC,VISN 12: VA GreatLakes Health CareSystem;VISN 23:VA Midwest HealthCare Network,221637,2022
14-WV-303,"The Greater WheelingCoalition for the Homeless,Inc.","(WV-500) Wheeling, Weirton Area CoC",VISN 4: VAHealthcare - VISN4;VISN 5: VACapitol Health CareNetwork,140313,2022
14-WV-304,"Helping Heroes, Inc.","(WV-500) Wheeling, Weirton Area CoC",VISN 4: VAHealthcare - VISN4;VISN 5: VACapitol Health CareNetwork,212311,2022
14-WV-305,West Virginia CommunityAction Partnerships Inc,"(WV-500) Wheeling, Weirton AreaCoC;(WV-501) Huntington/Cabell, WayneCounties CoC;(WV-503)Charleston/Kanawha, Putnam, Boone,Clay Counties CoC;(WV-508) WestVirginia Balance of State CoC",VISN 4: VAHealthcare - VISN4;VISN 5: VACapitol Health CareNetwork,2235048,2022
14-ZZ-153,United Way of CentralAlabama,"(AL-500) Birmingham/Jefferson, St. Clair,Shelby Counties CoC;(AL-502)Florence/Northwest Alabama CoC;(AL-503) Huntsville/North Alabama CoC;(AL-504) Montgomery City & CountyCoC;(AL-505) Gadsden/NortheastAlabama CoC;(AL-506) Tuscaloosa City& County CoC;(AL-507) AlabamaBalance of State CoC",VISN 7: VASoutheast Network,2250366,2022
14-ZZ-260,"St. Vincent de Paul SocialServices, Inc.","(IN-502) Indiana Balance of StateCoC;(OH-505) Dayton,Kettering/Montgomery County CoC;(OH-507) Ohio Balance of State CoC",VISN 10: VAHealthcare System,727136,2022
14-ZZ-308,Transitional Living Services,"(IL-500) McHenry County CoC;(IL-501)Rockford/Winnebago, Boone CountiesCoC;(IL-502) Waukegan, NorthChicago/Lake County CoC;(WI-500)Wisconsin Balance of State CoC",VISN 12: VA GreatLakes Health CareSystem,383918,2022
14-ZZ-313,"Housing CounselingServices, Inc.",(DC-500) District of Columbia CoC;(MD-600) Prince George's County CoC;(MD-601) Montgomery County CoC;(VA-600)Arlington County CoC;(VA-601) FairfaxCounty CoC;(VA-603) Alexandria CoC,VISN 5: VA CapitolHealth CareNetwork,1154952,2022
14-ZZ-318,Operation Renewed Hope,(DC-500) District of Columbia CoC;(MD-600) Prince George's County CoC;(MD-601) Montgomery County CoC;(VA-600)Arlington County CoC;(VA-601) FairfaxCounty CoC;(VA-603) Alexandria CoC,VISN 5: VA CapitolHealth CareNetwork,531201,2022
15-GA-325,"Volunteers of AmericaSoutheast, Inc.",(GA-501) Georgia Balance of StateCoC;(GA-505) Columbus-Muscogee/Russell County CoC,VISN 7: VASoutheast Network,1119559,2022
15-GU-326,"WestCare Pacific Islands,Inc.",(GU-500) Guam CoC,VISN 21: SierraPacific Network,697130,2022
15-IA-192,"Hawkeye Area CommunityAction Program, Inc.",(IA-501) Iowa Balance of State CoC,VISN 23: VAMidwest HealthCare Network,1354414,2022
15-IN-201,"Volunteers of America ofIndiana, Inc.",(IN-502) Indiana Balance of StateCoC;(IN-503) Indianapolis CoC,VISN 10: VAHealthcareSystem;VISN 15:VA HeartlandNetwork,1192232,2022
15-MI-328,Alger Marquette CommunityAction Board,"(MI-500) Michigan Balance of StateCoC;(MI-513) Marquette, Alger CountiesCoC",VISN 10: VAHealthcare System,494684,2022
15-MO-330,"Catholic Charities ofSouthern Missouri, Inc.","(MO-602) Joplin/Jasper, NewtonCounties CoC;(MO-606) MissouriBalance of State CoC",VISN 15: VAHeartlandNetwork;VISN 16:South Central VAHealth CareNetwork;VISN 23:VA Midwest HealthCare Network,697881,2022
15-OH-333,Lutheran Social Services OfCentral Ohio Inc,(OH-507) Ohio Balance of State CoC,VISN 10: VAHealthcare System,516537,2022
15-PA-068,Commission on EconomicOpportunity of LuzerneCounty,"(PA-503) Wilkes-Barre, Hazleton/Luzerne County CoC;(PA-508)Scranton/Lackawanna County CoC;(PA-509) Eastern Pennsylvania CoC",VISN 4: VAHealthcare - VISN4,718299,2022
15-PA-334,"Veterans Multi-ServiceCenter, Inc.",(PA-509) Eastern PennsylvaniaCoC;(PA-601) Western PennsylvaniaCoC,VISN 4: VAHealthcare - VISN4,1125184,2022
15-UT-336,The Road Home,(UT-500) Salt Lake City & County CoC,VISN 19: RockyMountain Network,1135464,2022
16-MO-048,St. Patrick Center,"(MO-500) St. Louis County CoC;(MO-503) St. Charles City & County, Lincoln,Warren Counties CoC;(MO-606) MissouriBalance of State CoC",VISN 15: VAHeartland Network,1595432,2022
16-NJ-054,"Community Hope, Inc.","(NJ-501) Bergen County CoC;(NJ-502)Burlington County CoC;(NJ-504)Newark/Essex County CoC;(NJ-506)Jersey City, Bayonne/Hudson CountyCoC;(NJ-507) New Brunswick/MiddlesexCounty CoC;(NJ-508) Monmouth CountyCoC;(NJ-509) Morris County CoC;(NJ-510) Lakewood Township/Ocean CountyCoC;(NJ-511) Paterson/Passaic CountyCoC;(NJ-513) Somerset CountyCoC;(NJ-514) Trenton/Mercer CountyCoC;(NJ-515) Elizabeth/Union CountyCoC;(NJ-516) Warren, Sussex,Hunterdon Counties CoC",VISN 2: NewYork/New JerseyVA Health CareNetwork,2708658,2022
16-ZZ-037,"Volunteers of America Mid-States, Inc.","(KY-500) Kentucky Balance of StateCoC;(KY-502) Lexington-Fayette CountyCoC;(TN-502) Knoxville/Knox CountyCoC;(TN-506) Upper CumberlandCoC;(TN-509) Appalachian RegionalCoC;(TN-512) Morristown/Blount, Sevier,Campbell, Cocke Counties CoC;(WV-501) Huntington/Cabell, Wayne CountiesCoC;(WV-503) Charleston/Kanawha,Putnam, Boone, Clay CountiesCoC;(WV-508) West Virginia Balance ofState CoC",VISN 5: VA CapitolHealth CareNetwork;VISN 9:VA MidSouthHealthcare Network,5037874,2022
16-ZZ-058,"Soldier On, Inc.","(MA-504) Springfield/Hampden CountyCoC;(MA-507) Pittsfield/Berkshire,Franklin, Hampshire Counties CoC;(NJ-501) Bergen County CoC;(NJ-502)Burlington County CoC;(NJ-504)Newark/Essex County CoC;(NJ-506)Jersey City, Bayonne/Hudson CountyCoC;(NJ-507) New Brunswick/MiddlesexCounty CoC;(NJ-508) Monmouth CountyCoC;(NJ-510) LakewoodTownship/Ocean County CoC;(NJ-513)Somerset County CoC;(NJ-514)Trenton/Mercer County CoC;(NY-503)Albany City & County CoC;(NY-507)Schenectady City & County CoC;(NY-511) Binghamton, Union Town/Broome,Otsego, Chenango, Delaware, Cortland,Tioga Counties CoC;(NY-512)Troy/Rensselaer County CoC;(NY-516)Clinton County CoC;(NY-518) Utica,Rome/Oneida, Madison CountiesCoC;(NY-519) Columbia, GreeneCounties CoC;(NY-520) Franklin, EssexCounties CoC;(NY-523) Glens Falls,Saratoga Springs/Saratoga, Washington,Warren, Hamilton Counties CoC;(NY-608) Kingston/Ulster County CoC",VISN 1: VA NewEngland HealthcareSystem;VISN 2:New York/NewJersey VA HealthCare Network,7341385,2022
17-NE-052,"Central NebraskaCommunity ActionPartnership, Inc",(NE-500) Nebraska Balance of StateCoC;(NE-502) Lincoln CoC,VISN 23: VAMidwest HealthCare Network,1231547,2022
18-CA-006,Volunteers of America LosAngeles,(CA-600) Los Angeles City & CountyCoC;(CA-606) Long Beach CoC;(CA-607) Pasadena CoC;(CA-612) GlendaleCoC,VISN 22: DesertPacific HealthcareNetwork,4275289,2022
18-CA-008,United States VeteransInitiative,"(CA-600) Los Angeles City & CountyCoC;(CA-602) Santa Ana,Anaheim/Orange County CoC;(CA-608)Riverside City & County CoC;(CA-609)San Bernardino City & County CoC",VISN 22: DesertPacific HealthcareNetwork,3913424,2022
18-CA-011,"WestCare California, Inc.","(CA-510) Turlock, Modesto/StanislausCounty CoC;(CA-511) Stockton/SanJoaquin County CoC;(CA-513)Visalia/Kings, Tulare Counties CoC;(CA-514) Fresno City & County/MaderaCounty CoC;(CA-520) Merced City &County CoC",VISN 21: SierraPacific Network,4319177,2022
18-CA-091,Swords To PlowsharesVeterans RightsOrganization,"(CA-501) San Francisco CoC;(CA-502)Oakland, Berkeley/Alameda County CoC",VISN 21: SierraPacific Network,5124249,2022
18-CA-171,Lighthouse Social ServiceCenters,(CA-608) Riverside City & CountyCoC;(CA-609) San Bernardino City &County CoC,VISN 22: DesertPacific HealthcareNetwork,1193071,2022
18-CA-176,Volunteers of America LosAngeles,"(CA-602) Santa Ana, Anaheim/OrangeCounty CoC",VISN 22: DesertPacific HealthcareNetwork,3361726,2022
18-CA-354,United States VeteransInitiative,(CA-606) Long Beach CoC,VISN 22: DesertPacific HealthcareNetwork,2228085,2022
18-CA-358,"Community ActionPartnership of San LuisObispo County, Inc.",(CA-614) San Luis Obispo County CoC,VISN 22: DesertPacific HealthcareNetwork,1141862,2022
18-FL-023,"Homeless Services Networkof Central Florida, Inc.","(FL-507) Orlando/Orange, Osceola,Seminole Counties CoC",VISN 8: VASunshineHealthcare Network,3589808,2022
18-FL-187,"Volunteers of America ofFlorida, Inc.","(FL-508) Gainesville/Alachua, PutnamCounties CoC;(FL-513) Palm Bay,Melbourne/Brevard County CoC;(FL-514)Ocala/Marion County CoC;(FL-518)Columbia, Hamilton, Lafayette,Suwannee Counties CoC",VISN 8: VASunshineHealthcare Network,2202656,2022
18-FL-362,"Tampa Crossroads, Inc.",(FL-501) Tampa/Hillsborough CountyCoC,VISN 8: VASunshineHealthcare Network,1009113,2022
18-HI-190,United States VeteransInitiative,(HI-500) Hawaii Balance of StateCoC;(HI-501) Honolulu City and CountyCoC,VISN 21: SierraPacific Network,2904445,2022
18-HI-374,Catholic Charities Hawaii,(HI-501) Honolulu City and County CoC,VISN 21: SierraPacific Network,557023,2022
18-KY-379,"Volunteers of America Mid-States, Inc.",(IN-502) Indiana Balance of StateCoC;(KY-501) Louisville-JeffersonCounty CoC,VISN 9: VAMidSouthHealthcare Network,833758,2022
18-NC-387,"Homeward Bound ofWestern North Carolina,Inc.",(NC-501) Asheville/Buncombe CountyCoC,VISN 6: VA Mid-Atlantic HealthCare Network,931272,2022
18-OR-066,"St. Vincent de Paul Societyof Lane County, Inc.","(OR-500) Eugene, Springfield/LaneCounty CoC",VISN 20: NorthwestNetwork,1274014,2022
18-PR-132,"Casa del PeregrinoAguadilla, Inc.",(PR-502) Puerto Rico Balance ofCommonwealth CoC;(PR-503) South-Southeast Puerto Rico CoC,VISN 8: VASunshineHealthcare Network,332891,2022
18-SC-069,One-Eighty Place,(SC-500) Charleston/Low CountryCoC;(SC-502) Columbia/Midlands CoC,VISN 7: VASoutheast Network,2991205,2022
18-TX-404,"Front Steps, Inc.",(TX-503) Austin/Travis County CoC,VISN 17: VA Heartof Texas HealthCare Network,1054851,2022
18-TX-433,Lubbock Mental Health andRetardation Center (dbaStarcare),(TX-607) Texas Balance of StateCoC;(TX-611) Amarillo CoC,VISN 17: VA Heartof Texas HealthCare Network,689816,2022
18-WI-080,"Center for Veterans Issues,Ltd.",(WI-500) Wisconsin Balance of StateCoC;(WI-501) Milwaukee City & CountyCoC;(WI-502) Racine City & County CoC,VISN 12: VA GreatLakes Health CareSystem,2947014,2022
18-ZZ-034,Volunteers of America ofIllinois,"(IL-506) Joliet, Bolingbrook/Will CountyCoC;(IL-510) Chicago CoC;(IL-511) CookCounty CoC;(IN-502) Indiana Balance ofState CoC",VISN 12: VA GreatLakes Health CareSystem,2276003,2022
18-ZZ-036,Salvation Army,"(KS-502) Wichita/Sedgwick CountyCoC;(KS-503) Topeka/Shawnee CountyCoC;(KS-505) Overland Park,Shawnee/Johnson County CoC;(KS-507)Kansas Balance of State CoC;(MO-603)St. Joseph/Andrew, Buchanan, DeKalbCounties CoC;(MO-604) Kansas City(MO&KS), Independence, Lee’sSummit/Jackson, Wyandotte CountiesCoC;(MO-606) Missouri Balance of StateCoC",VISN 15: VAHeartland Network,2528797,2022
18-ZZ-239,"Blue Valley CommunityAction, Inc.","(NE-500) Nebraska Balance of StateCoC;(NE-501) Omaha, Council BluffsCoC",VISN 23: VAMidwest HealthCare Network,423201,2022
18-ZZ-386,Restart Inc,"(MO-604) Kansas City (MO&KS),Independence, Lee’s Summit/Jackson,Wyandotte Counties CoC",VISN 15: VAHeartland Network,662485,2022
19-AZ-004,Primavera Foundation,(AZ-500) Arizona Balance of StateCoC;(AZ-501) Tucson/Pima County CoC,VISN 22: DesertPacific HealthcareNetwork,1647356,2022
19-AZ-436,"Community Bridges, Inc.","(AZ-502) Phoenix, Mesa/MaricopaCounty CoC",VISN 22: DesertPacific HealthcareNetwork,2408835,2022
19-CA-005,Mental Health America ofLos Angeles,(CA-600) Los Angeles City & CountyCoC;(CA-606) Long Beach CoC,VISN 22: DesertPacific HealthcareNetwork,4383938,2022
19-CA-009,"Vietnam Veterans ofCalifornia, Inc.","(CA-500) San Jose/Santa Clara City &County CoC;(CA-503) Sacramento City &County CoC;(CA-504) Santa Rosa,Petaluma/Sonoma County CoC;(CA-506)Salinas/Monterey, San Benito CountiesCoC;(CA-508) Watsonville/Santa CruzCity & County CoC;(CA-509) MendocinoCounty CoC;(CA-512) Daly City/SanMateo County CoC;(CA-515) Roseville,Rocklin/Placer, Nevada Counties;(CA-516) Redding/Shasta Siskiyou, Lassen,Plumas, Del Norte, Modoc, SierraCounties CoC;(CA-517) Napa City &County CoC;(CA-518) Vallejo/SolanoCounty CoC;(CA-519) Chico,Paradise/Butte County CoC;(CA-521)Davis, Woodland/Yolo County CoC;(CA-522) Humboldt County CoC;(CA-523)Colusa, Glen, Trinity Counties CoC;(CA-527) Tehama County CoC;(CA-529) LakeCounty CoC",VISN 21: SierraPacific Network,7660888,2022
19-CA-010,Homefirst Services OfSanta Clara County,(CA-500) San Jose/Santa Clara City &County CoC,VISN 21: SierraPacific Network,2462172,2022
19-CA-014,People Assisting theHomeless,(CA-600) Los Angeles City & CountyCoC;(CA-601) San Diego City andCounty CoC,VISN 22: DesertPacific HealthcareNetwork,5984301,2022
19-CA-173,Vietnam Veterans Of SanDiego,(CA-601) San Diego City and CountyCoC,VISN 22: DesertPacific HealthcareNetwork,3125370,2022
19-FL-025,Purpose Built FamiliesFoundation,(FL-600) Miami-Dade County CoC;(FL-601) Ft Lauderdale/Broward County CoC,VISN 8: VASunshineHealthcare Network,3371715,2022
19-MN-046,Minnesota AssistanceCouncil For Veterans,"(MN-500) Minneapolis/Hennepin CountyCoC;(MN-501) St. Paul/Ramsey CountyCoC;(MN-502) Rochester/SoutheastMinnesota CoC;(MN-503) Dakota,Anoka, Washington, Scott, CarverCounties CoC;(MN-504) NortheastMinnesota CoC;(MN-505) St.Cloud/Central Minnesota CoC;(MN-506)Northwest Minnesota CoC;(MN-508)Moorhead/West Central MinnesotaCoC;(MN-509) Duluth/St. Louis CountyCoC;(MN-511) Southwest MinnesotaCoC",VISN 23: VAMidwest HealthCare Network,2981806,2022
19-MO-229,"Phoenix Programs, Inc.",(MO-606) Missouri Balance of State CoC,VISN 15: VAHeartland Network,406868,2022
19-MS-111,Region XII Commission onMental Health &Retardation,"(MS-500) Jackson/Rankin, MadisonCounties CoC;(MS-501) MississippiBalance of State CoC;(MS-503) GulfPort/Gulf Coast Regional CoC",VISN 16: SouthCentral VA HealthCare Network,1531484,2022
19-NC-114,"Asheville BuncombeCommunity ChristianMinistry, Inc.","(NC-501) Asheville/Buncombe CountyCoC;(NC-503) North Carolina Balance ofState CoC;(NC-505)Charlotte/Mecklenburg County CoC;(NC-509) Gastonia/Cleveland, Gaston,Lincoln Counties CoC;(NC-516)Northwest North Carolina CoC",VISN 6: VA Mid-Atlantic HealthCare Network,1389009,2022
19-OH-269,"Volunteers of America ofGreater Ohio, Inc.","(OH-502) Cleveland/Cuyahoga CountyCoC;(OH-503) Columbus/FranklinCounty CoC;(OH-505) Dayton,Kettering/Montgomery County CoC",VISN 10: VAHealthcare System,3317097,2022
19-OR-128,Access,"(OR-502) Medford, Ashland/JacksonCounty CoC;(OR-505) Oregon Balanceof State CoC",VISN 20: NorthwestNetwork,2846377,2022
19-TX-140,The Salvation Army,"(TX-607) Texas Balance of StateCoC;(TX-700) Houston, Pasadena,Conroe/Harris, Ft. Bend, MontgomeryCounties CoC",VISN 16: SouthCentral VA HealthCare Network,1144186,2022
19-TX-288,United States VeteransInitiative,"(TX-607) Texas Balance of StateCoC;(TX-700) Houston, Pasadena,Conroe/Harris, Ft. Bend, MontgomeryCounties CoC",VISN 16: SouthCentral VA HealthCare Network,805776,2022
19-TX-290,Baker Ripley,"(TX-700) Houston, Pasadena,Conroe/Harris, Ft. Bend, MontgomeryCounties CoC",VISN 16: SouthCentral VA HealthCare Network,1889189,2022
19-WA-078,Sound,(WA-500) Seattle/King County CoC,VISN 20: NorthwestNetwork,2965772,2022
19-WA-079,Opportunity Council,(WA-501) Washington Balance of StateCoC,VISN 20: NorthwestNetwork,1096165,2022
19-ZZ-070,"Centerstone of Tennessee,Inc.",(IL-520) Southern Illinois CoC;(KY-500)Kentucky Balance of State CoC;(TN-503)Central Tennessee CoC;(TN-504)Nashville-Davidson County CoC;(TN-506) Upper Cumberland CoC,VISN 9: VAMidSouthHealthcareNetwork;VISN 15:VA HeartlandNetwork,3364409,2022
19-ZZ-094,Friendship Place,(DC-500) District of Columbia CoC;(MD-509) Frederick City & County CoC;(MD-600) Prince George's County CoC;(MD-601) Montgomery County CoC;(VA-600)Arlington County CoC;(VA-601) FairfaxCounty CoC;(VA-602) Loudoun CountyCoC;(VA-603) Alexandria CoC;(VA-604)Prince William County CoC,VISN 5: VA CapitolHealth CareNetwork,3958193,2022
19-ZZ-127,"Transition Projects, Inc.","(OR-501) Portland, Gresham/MultnomahCounty CoC;(OR-506) Hillsboro,Beaverton/Washington County CoC;(OR-507) Clackamas County CoC;(WA-508)Vancouver/Clark County CoC",VISN 20: NorthwestNetwork,3785355,2022
19-ZZ-263,Talbert House,(IN-502) Indiana Balance of StateCoC;(KY-500) Kentucky Balance of StateCoC;(OH-500) Cincinnati/HamiltonCounty CoC;(OH-507) Ohio Balance ofState CoC,VISN 10: VAHealthcare System,1200312,2022
19-ZZ-317,Homeless VeteransFellowship,(ID-501) Idaho Balance of StateCoC;(UT-503) Utah Balance of StateCoC;(UT-504) Provo/Mountainland CoC,VISN 19: RockyMountainNetwork;VISN 20:Northwest Network,556777,2022
19-ZZ-324,"Changing Homelessness,Inc.","(FL-504) Daytona Beach,Daytona/Volusia, Flagler CountiesCoC;(FL-510) Jacksonville-Duval, ClayCounties CoC;(FL-512) St. Johns CountyCoC;(GA-501) Georgia Balance of StateCoC;(GA-507) Savannah/ChathamCounty CoC",VISN 7: VASoutheastNetwork;VISN 8:VA SunshineHealthcare Network,5771370,2022
20-AK-152,"Fairbanks Rescue Mission,Inc.",(AK-501) Alaska Balance of State CoC,VISN 20: NorthwestNetwork,795705,2022
20-AL-439,"Volunteers of AmericaSoutheast, Inc.","(AL-500) Birmingham/Jefferson, St. Clair,Shelby Counties CoC;(AL-506)Tuscaloosa City & County CoC;(AL-507)Alabama Balance of State CoC",VISN 7: VASoutheast Network,481832,2022
20-AR-086,"St. Francis House, Inc.",(AR-500) Little Rock/Central ArkansasCoC;(AR-501) Fayetteville/NorthwestArkansas CoC;(AR-503) ArkansasBalance of State CoC;(AR-505)Southeast Arkansas CoC;(AR-508) FortSmith CoC,VISN 16: SouthCentral VA HealthCare Network,2159003,2022
20-AZ-159,United States VeteransInitiative,"(AZ-502) Phoenix, Mesa/MaricopaCounty CoC",VISN 22: DesertPacific HealthcareNetwork,3058629,2022
20-CA-017,The Salvation Army,"(CA-600) Los Angeles City & CountyCoC;(CA-603) Santa Maria/SantaBarbara County CoC;(CA-611) Oxnard,San Buenaventura/Ventura County CoC",VISN 22: DesertPacific HealthcareNetwork,4037548,2022
20-CA-359,Good Samaritan Shelter,(CA-603) Santa Maria/Santa BarbaraCounty CoC;(CA-614) San Luis ObispoCounty CoC,VISN 22: DesertPacific HealthcareNetwork,772139,2022
20-CA-437,Berkeley Food And HousingProject,"(CA-502) Oakland, Berkeley/AlamedaCounty CoC;(CA-503) Sacramento City &County CoC;(CA-505) Richmond/ContraCosta County CoC;(CA-518)Vallejo/Solano County CoC;(CA-526)Amador, Calaveras, Mariposa, TuolumneCounties CoC",VISN 21: SierraPacific Network,4530048,2022
20-CA-440,People Assisting theHomeless,(CA-601) San Diego City and CountyCoC,VISN 22: DesertPacific HealthcareNetwork,1070738,2022
20-CA-441,1736 Family Crisis Center,"(CA-600) Los Angeles City & CountyCoC;(CA-602) Santa Ana,Anaheim/Orange County CoC",VISN 22: DesertPacific HealthcareNetwork,1070738,2022
20-CO-020,Rocky Mountain HumanServices,(CO-500) Colorado Balance of StateCoC;(CO-503) Metropolitan Denver CoC,VISN 19: RockyMountain Network,4415242,2022
20-FL-099,"Society of St. Vincent dePaul South Pinellas, Inc.","(FL-500) Sarasota, Bradenton/Manatee,Sarasota Counties CoC;(FL-501)Tampa/Hillsborough County CoC;(FL-502) St. Petersburg, Clearwater,Largo/Pinellas County CoC;(FL-503)Lakeland, Winterhaven/Polk CountyCoC;(FL-517) Hendry, Hardee, HighlandsCounties CoC;(FL-519) Pasco CountyCoC;(FL-520) Citrus, Hernando, Lake,Sumter Counties CoC;(FL-602) PuntaGorda/Charlotte County CoC;(FL-603) FtMyers, Cape Coral/Lee County CoC",VISN 8: VASunshineHealthcare Network,8902535,2022
20-GA-188,"Travelers Aid of MetroAtlanta, Inc.",(GA-500) Atlanta CoC;(GA-501) GeorgiaBalance of State CoC;(GA-502) FultonCounty CoC;(GA-503) Athens-ClarkeCounty CoC;(GA-506) Marietta/CobbCounty CoC;(GA-508) DeKalb CountyCoC,VISN 7: VASoutheast Network,3280342,2022
20-GA-369,"Project CommunityConnections, Inc.",(GA-500) Atlanta CoC;(GA-501) GeorgiaBalance of State CoC;(GA-508) DeKalbCounty CoC,VISN 7: VASoutheast Network,1189868,2022
20-IN-442,Northwest IndianaCommunity Action Corp.,(IN-502) Indiana Balance of State CoC,VISN 10: VAHealthcareSystem;VISN 12:VA Great LakesHealth CareSystem,155823,2022
20-IN-451,"HVAF of Indiana, Inc.",(IN-502) Indiana Balance of StateCoC;(IN-503) Indianapolis CoC,VISN 10: VAHealthcare System,1519405,2022
20-KS-443,Salvation Army,(KS-507) Kansas Balance of State CoC,VISN 15: VAHeartland Network,523591,2022
20-KY-204,"Kentucky River FoothillsDevelopment Council, Inc.",(KY-500) Kentucky Balance of State CoC,VISN 9: VAMidSouthHealthcare Network,1212858,2022
20-LA-207,Elle Foundation,"(LA-502) Shreveport, Bossier/NorthwestLouisiana CoC",VISN 16: SouthCentral VA HealthCare Network,802830,2022
20-LA-208,Start Corporation,(LA-503) New Orleans/Jefferson ParishCoC;(LA-509) Louisiana Balance of StateCoC,VISN 16: SouthCentral VA HealthCare Network,964333,2022
20-MA-211,"Vietnam VeteransWorkshop, Inc.","(MA-500) Boston CoC;(MA-502) LynnCoC;(MA-505) New Bedford CoC;(MA-508) Lowell CoC;(MA-509) CambridgeCoC;(MA-510) Gloucester, Haverhill,Salem/Essex County CoC;(MA-511)Quincy, Brockton, Weymouth, PlymouthCity and County CoC;(MA-515) Fall RiverCoC;(MA-516) Massachusetts Balance ofState CoC;(MA-517) SomervilleCoC;(MA-519) Attleboro, Taunton/BristolCounty CoC",VISN 1: VA NewEngland HealthcareSystem,2243156,2022
20-MI-221,Oakland Livingston HumanService Agency,"(MI-500) Michigan Balance of StateCoC;(MI-503) St. Clair Shores,Warren/Macomb County CoC;(MI-504)Pontiac, Royal Oak/Oakland CountyCoC;(MI-505) Flint/Genesee CountyCoC;(MI-518) Livingston County CoC",VISN 10: VAHealthcare System,1052844,2022
20-MI-222,Mid Michigan CommunityAction Agency Inc,(MI-500) Michigan Balance of StateCoC;(MI-510) Saginaw City & CountyCoC,VISN 10: VAHealthcare System,654222,2022
20-MI-226,"Volunteers of America ofMichigan, Inc.","(MI-500) Michigan Balance of StateCoC;(MI-501) Detroit CoC;(MI-506)Grand Rapids, Wyoming/Kent CountyCoC;(MI-507) Portage, Kalamazoo City &County CoC;(MI-508) Lansing, EastLansing/Ingham County CoC;(MI-514)Battle Creek/Calhoun County CoC;(MI-516) Norton Shores, Muskegon City &County CoC;(MI-517) Jackson City &County CoC;(MI-519) Holland/OttawaCounty CoC;(MI-523) Eaton County CoC",VISN 10: VAHealthcare System,2201061,2022
20-NC-444,Catholic Charities DioceseOf Charlotte,(NC-505) Charlotte/Mecklenburg CountyCoC,VISN 6: VA Mid-Atlantic HealthCare Network,535369,2022
20-NV-056,United States VeteransInitiative,(NV-500) Las Vegas/Clark County CoC,VISN 21: SierraPacific Network,3034670,2022
20-NV-118,The Salvation Army,(NV-500) Las Vegas/Clark County CoC,VISN 21: SierraPacific Network,1608570,2022
20-NY-062,"Services for theUnderServed, Inc.","(NY-600) New York City CoC;(NY-603)Nassau, Suffolk Counties CoC",VISN 2: NewYork/New JerseyVA Health CareNetwork,7434948,2022
20-NY-250,The Jericho Project,(NY-600) New York City CoC,VISN 2: NewYork/New JerseyVA Health CareNetwork,2906383,2022
20-NY-446,"Veterans One-stop Centerof WNY, Inc.","(NY-501) Elmira/Steuben, Allegany,Livingston, Chemung, Schuyler CountiesCoC;(NY-504) Cattaraugus CountyCoC;(NY-508) Buffalo, NiagaraFalls/Erie, Niagara, Orleans, Genesee,Wyoming Counties CoC;(NY-514)Jamestown, Dunkirk/Chautauqua CountyCoC",VISN 2: NewYork/New JerseyVA Health CareNetwork,446146,2022
20-OK-065,"Community Service Councilof Greater Tulsa, Inc.",(OK-500) North Central OklahomaCoC;(OK-501) Tulsa City & CountyCoC;(OK-505) Northeast OklahomaCoC;(OK-506) Southwest OklahomaRegional CoC;(OK-507) SoutheasternOklahoma Regional CoC,VISN 19: RockyMountain Network,2058874,2022
20-OR-272,Easter Seals Oregon,"(OR-501) Portland, Gresham/MultnomahCounty CoC;(OR-505) Oregon Balanceof State CoC",VISN 20: NorthwestNetwork,1861402,2022
20-OR-430,Community ActionPartnership Of Oregon,(OR-505) Oregon Balance of State CoC,VISN 20: NorthwestNetwork,1532561,2022
20-OR-447,"Columbiacare Services, Inc.","(OR-502) Medford, Ashland/JacksonCounty CoC;(OR-505) Oregon Balanceof State CoC",VISN 20: NorthwestNetwork,477710,2022
20-PA-130,Opportunity House,(PA-506) Reading/Berks CountyCoC;(PA-509) Eastern PennsylvaniaCoC;(PA-510) Lancaster City & CountyCoC,VISN 4: VAHealthcare - VISN4,825938,2022
20-SC-402,"Eastern CarolinaHomelessnessOrganization, Inc.","(NC-503) North Carolina Balance of StateCoC;(SC-503) Myrtle Beach, Sumter City& County CoC",VISN 6: VA Mid-Atlantic HealthCare Network;VISN7: VA SoutheastNetwork,1306460,2022
20-SD-136,Cornerstone RescueMission,(SD-500) South Dakota Statewide CoC,VISN 23: VAMidwest HealthCare Network,1392126,2022
20-TX-072,Caritas of Austin,(TX-503) Austin/Travis County CoC,VISN 17: VA Heartof Texas HealthCare Network,674493,2022
20-TX-141,West Central TexasRegional Foundation,(TX-607) Texas Balance of State CoC,VISN 17: VA Heartof Texas HealthCare Network,1123411,2022
20-TX-448,Career And RecoveryResources Inc,"(TX-700) Houston, Pasadena,Conroe/Harris, Ft. Bend, MontgomeryCounties CoC",VISN 16: SouthCentral VA HealthCare Network,1001724,2022
20-VA-144,Volunteers of AmericaChesapeake,"(VA-513) Harrisonburg,Winchester/Western Virginia CoC;(VA-514) Fredericksburg/Spotsylvania,Stafford Counties CoC;(VA-521) VirginiaBalance of State CoC;(VA-600) ArlingtonCounty CoC;(VA-601) Fairfax CountyCoC;(VA-602) Loudoun County CoC;(VA-603) Alexandria CoC;(VA-604) PrinceWilliam County CoC",VISN 6: VA Mid-Atlantic HealthCare Network,1120407,2022
20-WA-146,Catholic CommunityServices Of WesternWashington,"(WA-500) Seattle/King County CoC;(WA-501) Washington Balance of StateCoC;(WA-503) Tacoma,Lakewood/Pierce County CoC",VISN 20: NorthwestNetwork,2845210,2022
20-WA-338,Hopesource,(WA-501) Washington Balance of StateCoC,VISN 20: NorthwestNetwork,1759292,2022
20-ZZ-026,Northwest FloridaComprehensive ServicesFor Children Inc,"(AL-507) Alabama Balance of StateCoC;(FL-505) Fort WaltonBeach/Okaloosa, Walton CountiesCoC;(FL-511) Pensacola/Escambia,Santa Rosa Counties CoC;(FL-515)Panama City/Bay, Jackson CountiesCoC;(GA-501) Georgia Balance of StateCoC",VISN 7: VASoutheastNetwork;VISN 8:VA SunshineHealthcareNetwork;VISN 16:South Central VAHealth CareNetwork,3934686,2022
20-ZZ-092,Volunteers of AmericaColorado Branch,(CO-500) Colorado Balance of StateCoC;(CO-503) Metropolitan DenverCoC;(NM-501) New Mexico Balance ofState CoC,VISN 19: RockyMountain Network,6195066,2022
20-ZZ-113,"Volunteers of America,Northern Rockies",(MT-500) Montana Statewide CoC;(WY-500) Wyoming Statewide CoC,VISN 19: RockyMountain Network,5825234,2022
20-ZZ-147,Blue Mountain ActionCouncil,(ID-501) Idaho Balance of StateCoC;(OR-505) Oregon Balance of StateCoC;(WA-501) Washington Balance ofState CoC,VISN 20: NorthwestNetwork,1719396,2022
20-ZZ-158,"Vietnam Veterans ofCalifornia, Inc.",(AZ-500) Arizona Balance of StateCoC;(NV-500) Las Vegas/Clark CountyCoC,VISN 22: DesertPacific HealthcareNetwork,2395806,2022
20-ZZ-301,Goodwill Industries Of TheInland Northwest,(ID-501) Idaho Balance of StateCoC;(WA-501) Washington Balance ofState CoC;(WA-502) Spokane City &County CoC,VISN 20: NorthwestNetwork,3307728,2022
21-NC-237,"Volunteers of America ofthe Carolinas, Inc.","(NC-502) Durham City & CountyCoC;(NC-503) North Carolina Balance ofState CoC;(NC-506)Wilmington/Brunswick, New Hanover,Pender Counties CoC;(NC-507)Raleigh/Wake County CoC;(NC-511)Fayetteville/Cumberland CountyCoC;(NC-513) Chapel Hill/OrangeCounty CoC",VISN 6: VA Mid-Atlantic HealthCare Network,4388819,2022
21-TX-074,"Family Endeavors, Inc.","(TX-500) San Antonio/Bexar CountyCoC;(TX-600) Dallas City & County,Irving CoC;(TX-601) Fort Worth,Arlington/Tarrant County CoC;(TX-603)El Paso City & County CoC;(TX-604)Waco/McLennan County CoC;(TX-607)Texas Balance of State CoC;(TX-624)Wichita Falls/Wise, Palo Pinto, Wichita,Archer Counties CoC;(TX-700) Houston,Pasadena, Conroe/Harris, Ft. Bend,Montgomery Counties CoC",VISN 17: VA Heartof Texas HealthCare Network,6706926,2022
21-TX-292,"American GI ForumNational Veterans OutreachProgram, Inc.","(TX-500) San Antonio/Bexar CountyCoC;(TX-600) Dallas City & County,Irving CoC;(TX-603) El Paso City &County CoC",VISN 17: VA Heartof Texas HealthCare Network,3899778,2022
22-CA-019,Community Catalysts OfCalifornia,(CA-601) San Diego City and CountyCoC;(CA-613) Imperial County CoC,VISN 22: DesertPacific HealthcareNetwork,5526116,2022
22-TX-075,Recovery Resource Council,"(TX-601) Fort Worth, Arlington/TarrantCounty CoC;(TX-607) Texas Balance ofState CoC;(TX-624) Wichita Falls/Wise,Palo Pinto, Wichita, Archer Counties CoC",VISN 17: VA Heartof Texas HealthCare Network,1278782,2022
22-ZZ-278,"Veterans Multi-ServiceCenter, Inc.","(DE-500) Delaware Statewide CoC;(NJ-500) Atlantic City & County CoC;(NJ-502)Burlington County CoC;(NJ-503) CamdenCity & County/Gloucester, Cape May,Cumberland Counties CoC;(NJ-512)Salem County CoC;(PA-500)Philadelphia CoC;(PA-502) Upper Darby,Chester, Haverford/Delaware CountyCoC;(PA-504) Lower Merion, Norristown,Abington/Montgomery County CoC;(PA-505) Chester County CoC;(PA-511)Bristol, Bensalem/Bucks County CoC",VISN 4: VAHealthcare - VISN4,5493007,2022
S20-CA-500,Homefirst Services OfSanta Clara County,(CA-500) San Jose/Santa Clara City &County CoC,VISN 21: SierraPacific Network,750000,2022
S20-CA-501,Swords To PlowsharesVeterans RightsOrganization,(CA-501) San Francisco CoC,VISN 21: SierraPacific Network,1500000,2022
S20-CA-502,Berkeley Food And HousingProject,"(CA-502) Oakland, Berkeley/AlamedaCounty CoC;(CA-505) Richmond/ContraCosta County CoC",VISN 21: SierraPacific Network,1500000,2022
S20-CA-600,Volunteers of America LosAngeles,(CA-600) Los Angeles City & CountyCoC;(CA-604) Bakersfield/Kern CountyCoC;(CA-606) Long Beach CoC;(CA-607) Pasadena CoC;(CA-608) RiversideCity & County CoC;(CA-609) SanBernardino City & County CoC;(CA-612)Glendale CoC,VISN 22: DesertPacific HealthcareNetwork,1500000,2022
S20-CA-601A,Community Catalysts OfCalifornia,(CA-601) San Diego City and CountyCoC;(CA-613) Imperial County CoC,VISN 22: DesertPacific HealthcareNetwork,750000,2022
S20-DC-500,Friendship Place,(DC-500) District of Columbia CoC;(MD-600) Prince George's County CoC;(MD-601) Montgomery County CoC;(VA-601)Fairfax County CoC;(VA-604) PrinceWilliam County CoC,VISN 5: VA CapitolHealth CareNetwork,750000,2022
S20-HI-501,United States VeteransInitiative,(HI-500) Hawaii Balance of StateCoC;(HI-501) Honolulu City and CountyCoC,VISN 21: SierraPacific Network,750000,2022
S20-IL-510B,"Heartland Human CareServices, Inc.",(IL-510) Chicago CoC;(IL-511) CookCounty CoC,VISN 12: VA GreatLakes Health CareSystem,500000,2022
S20-NY-600A,The Jericho Project,(NY-600) New York City CoC,VISN 2: NewYork/New JerseyVA Health CareNetwork,500000,2022
S20-NY-600B,"Services for theUnderServed, Inc.","(NY-600) New York City CoC;(NY-603)Nassau, Suffolk Counties CoC",VISN 2: NewYork/New JerseyVA Health CareNetwork,500000,2022
S20-NY-600C,"Volunteers of America-Greater New York, Inc.",(NY-600) New York City CoC,VISN 2: NewYork/New JerseyVA Health CareNetwork,500000,2022
S20-WA-500,Catholic CommunityServices Of WesternWashington,"(WA-500) Seattle/King County CoC;(WA-501) Washington Balance of StateCoC;(WA-503) Tacoma,Lakewood/Pierce County CoC",VISN 22: DesertPacific HealthcareNetwork,1500000,2022

